AccountCode,AccountDescription,AccountCombined
1020,CASH CLEARING,1020-CASH CLEARING
1030,PETTY CASH,1030-PETTY CASH
1040,FLOATS,1040-FLOATS
1045,FLOAT ADJUSTMENTS - ADM,1045-FLOAT ADJUSTMENTS - ADM
1050,TD CHEQUING ACCOUNT-CDN$,1050-TD CHEQUING ACCOUNT-CDN$
1051,MASTERCARD DEPOSITS,1051-MASTERCARD DEPOSITS
1052,VISA DEPOSITS,1052-VISA DEPOSITS
1053,INTERAC/DEBIT CARD DEPOSITS,1053-INTERAC/DEBIT CARD DEPOSITS
1054,AMERICAN EXPRESS DEPOSITS,1054-AMERICAN EXPRESS DEPOSITS
1055,TD CHEQUING ACCOUNT-US$,1055-TD CHEQUING ACCOUNT-US$
1056,PAYROLL BANK,1056-PAYROLL BANK
1057,AP DISBURSEMENTS CAD$,1057-AP DISBURSEMENTS CAD$
1058,CAT FINANCIAL DEPOSITS,1058-CAT FINANCIAL DEPOSITS
1210,TRADE ACCOUNTS RECEIVABLE,1210-TRADE ACCOUNTS RECEIVABLE
1215,US$ ACCOUNTS RECEIVABLE,1215-US$ ACCOUNTS RECEIVABLE
1219,PCARD EMPLOYEE ADVANCES & RECEIVABLE,1219-PCARD EMPLOYEE ADVANCES & RECEIVABLE
1220,EMPLOYEE RECEIVABLE,1220-EMPLOYEE RECEIVABLE
1221,SUNLIFE ASO FUND,1221-SUNLIFE ASO FUND
1222,ALBERTA HEALTH CARE CLEARING ACCOUNT,1222-ALBERTA HEALTH CARE CLEARING ACCOUNT
1223,BC MEDICAL CLEARING ACCOUNT,1223-BC MEDICAL CLEARING ACCOUNT
1224,UNION DUES CLEARING ACCOUNT,1224-UNION DUES CLEARING ACCOUNT
1225,UNITED WAY CLEARING ACCOUNT,1225-UNITED WAY CLEARING ACCOUNT
1226,CANADA SAVINGS BONDS CLEARING ACCOUNT,1226-CANADA SAVINGS BONDS CLEARING ACCOUNT
1227,SUNLIFE CLEARING ACCOUNT,1227-SUNLIFE CLEARING ACCOUNT
1228,AD&D,1228-AD&D
1229,EMPLOYEE FAMILY ASSISTANCE PLAN,1229-EMPLOYEE FAMILY ASSISTANCE PLAN
1230,BC HEALTH TAX CLEARING ACCOUNT,1230-BC HEALTH TAX CLEARING ACCOUNT
1260,WARRANTY RECEIVABLE,1260-WARRANTY RECEIVABLE
1270,FINNING INTERCOMPANY RECEIVABLES,1270-FINNING INTERCOMPANY RECEIVABLES
1271,NON-TRADE FINNING SASK AR,1271-NON-TRADE FINNING SASK AR
1272,NON-TRADE 4REFUEL AR,1272-NON-TRADE 4REFUEL AR
1275,NOTES RECEIVABLE,1275-NOTES RECEIVABLE
1280,ALLOWANCE FOR DOUBTFUL ACCTS,1280-ALLOWANCE FOR DOUBTFUL ACCTS
1281,AFDA AR CURRENT,1281-AFDA AR CURRENT
1282,AFDA EXPENSE,1282-AFDA EXPENSE
1290,FINNING ACCT REC.,1290-FINNING ACCT REC.
1291,TRADE FINNING SASK AR,1291-TRADE FINNING SASK AR
1292,TRADE FINNING 4REFUEL AR,1292-TRADE FINNING 4REFUEL AR
1293,TRADE FINNING FUSED AR,1293-TRADE FINNING FUSED AR
1310,NEW EQUIPMENT,1310-NEW EQUIPMENT
1320,PURCHASED USED EQP FOR RESALE,1320-PURCHASED USED EQP FOR RESALE
1325,CONSIGNMENT,1325-CONSIGNMENT
1330,BULK EQUIPMENT INVENTORY,1330-BULK EQUIPMENT INVENTORY
1331,NEW BULK MERCHANDISE,1331-NEW BULK MERCHANDISE
1335,ACCUM AMORT- BULK EQUIPMENT,1335-ACCUM AMORT- BULK EQUIPMENT
1340,PARTS & MERCHANDISE OTHER,1340-PARTS & MERCHANDISE OTHER
1345,CAT PARTS & MERCHANDISE,1345-CAT PARTS & MERCHANDISE
1350,RETAIL MERCHANDISE,1350-RETAIL MERCHANDISE
1355,PARTS INVENTORY ADJUSTMENTS,1355-PARTS INVENTORY ADJUSTMENTS
1360,PARTS FOR PRODUCT BUILDS,1360-PARTS FOR PRODUCT BUILDS
1390,PARTS INVENTORY PROVISIONS,1390-PARTS INVENTORY PROVISIONS
1420,ACCRUALS,1420-ACCRUALS
1430,UNBILLED RENTAL ACCRUAL,1430-UNBILLED RENTAL ACCRUAL
1440,PROJECTS IN PROGRESS,1440-PROJECTS IN PROGRESS
1480,PREPAID - GENERAL,1480-PREPAID - GENERAL
1481,PREPAID INSURANCE,1481-PREPAID INSURANCE
1482,PREPAID LEASE/RENT,1482-PREPAID LEASE/RENT
1483,PREPAID PROPERTY TAX,1483-PREPAID PROPERTY TAX
1484,PREPAID WCB,1484-PREPAID WCB
1485,PREPAID LICENSES/FEES,1485-PREPAID LICENSES/FEES
1486,CITI CAT FINANCE SUBSIDY,1486-CITI CAT FINANCE SUBSIDY
1509,USED RENTAL EQUIP-OPENING BALANCES,1509-USED RENTAL EQUIP-OPENING BALANCES
1510,RENTAL EQUIP-OPENING BALANCES,1510-RENTAL EQUIP-OPENING BALANCES
1511,RENTAL EQUIP-ADDITIONS,1511-RENTAL EQUIP-ADDITIONS
1512,RENTAL EQUIP-DISPOSALS,1512-RENTAL EQUIP-DISPOSALS
1513,RENTAL EQUIP-INTER-BRN TRANSFER,1513-RENTAL EQUIP-INTER-BRN TRANSFER
1515,RENTAL FLEET FREIGHT CAPITALIZED,1515-RENTAL FLEET FREIGHT CAPITALIZED
1516,CAPITALIZED PARTS/EQUIP - PDI,1516-CAPITALIZED PARTS/EQUIP - PDI
1520,BUILDINGS,1520-BUILDINGS
1521,BUILDINGS-ADDITIONS,1521-BUILDINGS-ADDITIONS
1522,BUILDINGS-DISPOSALS,1522-BUILDINGS-DISPOSALS
1530,MACHINERY & EQUIPMENT,1530-MACHINERY & EQUIPMENT
1531,MACHINERY-ADDITIONS,1531-MACHINERY-ADDITIONS
1532,MACHINERY-DISPOSALS,1532-MACHINERY-DISPOSALS
1533,MACHINERY-INTER-BRN TRNSFR,1533-MACHINERY-INTER-BRN TRNSFR
1540,SOFTWARE,1540-SOFTWARE
1541,SOFTWARE-ADDITIONS,1541-SOFTWARE-ADDITIONS
1542,SOFTWARE-DISPOSALS,1542-SOFTWARE-DISPOSALS
1550,COMPUTER EQUIPMENT,1550-COMPUTER EQUIPMENT
1551,COMPUTER EQUIP-ADDITIONS,1551-COMPUTER EQUIP-ADDITIONS
1552,COMPUTER EQUIP-DISPOSALS,1552-COMPUTER EQUIP-DISPOSALS
1560,FURNITURE & FIXTURES,1560-FURNITURE & FIXTURES
1561,FURNITURE-ADDITIONS,1561-FURNITURE-ADDITIONS
1562,FURNITURE-DISPOSALS,1562-FURNITURE-DISPOSALS
1570,SERVICE VEHICLES,1570-SERVICE VEHICLES
1571,SERVICE VEHICLES-ADDITIONS,1571-SERVICE VEHICLES-ADDITIONS
1572,SERVICE VEHICLES-DISPOSALS,1572-SERVICE VEHICLES-DISPOSALS
1590,LEASEHOLD IMPROVEMENTS,1590-LEASEHOLD IMPROVEMENTS
1591,LEASEHOLD IMPROVEMENT-ADDITIONS,1591-LEASEHOLD IMPROVEMENT-ADDITIONS
1592,LEASEHOLD IMPROVEMENT-DISPOSALS,1592-LEASEHOLD IMPROVEMENT-DISPOSALS
1609,ACCUMULATED DEP'N - USED RENTAL FLEET,1609-ACCUMULATED DEP'N - USED RENTAL FLEET
1610,ACCUMULATED DEP'N - RENTAL FLEET,1610-ACCUMULATED DEP'N - RENTAL FLEET
1611,RENTAL EQUIP DEPR-ADDITIONS,1611-RENTAL EQUIP DEPR-ADDITIONS
1612,RENTAL EQUIP DEPR-DISPOSALS,1612-RENTAL EQUIP DEPR-DISPOSALS
1613,RENTAL EQUIP DEPR-INTER-BRN TRNFR,1613-RENTAL EQUIP DEPR-INTER-BRN TRNFR
1620,BUILDINGS ACCUM. DEPRECIATION,1620-BUILDINGS ACCUM. DEPRECIATION
1621,BUILDINGS DEPRECIATION-ADDITIONS,1621-BUILDINGS DEPRECIATION-ADDITIONS
1622,BUILDINGS DEPRECIATION-DISPOSALS,1622-BUILDINGS DEPRECIATION-DISPOSALS
1630,SHOP EQUIPMENT ACCUM.  DEPRECIATION,1630-SHOP EQUIPMENT ACCUM.  DEPRECIATION
1631,SHOP EQUIPMENT  DEPR-ADDITIONS,1631-SHOP EQUIPMENT  DEPR-ADDITIONS
1632,SHOP EQUIPMENT DEPR-DISPOSALS,1632-SHOP EQUIPMENT DEPR-DISPOSALS
1633,SHOP EQUIP.DEPR-INTER-BRN TRNSFR,1633-SHOP EQUIP.DEPR-INTER-BRN TRNSFR
1640,SOFTWARE DEPRECIATION,1640-SOFTWARE DEPRECIATION
1641,SOFTWARE DEPRECIATION-ADDITIONS,1641-SOFTWARE DEPRECIATION-ADDITIONS
1642,SOFTWARE DEPRECIATION-DISPOSALS,1642-SOFTWARE DEPRECIATION-DISPOSALS
1650,COMPUTER EQUIP ACCUM. DEPRECIATION,1650-COMPUTER EQUIP ACCUM. DEPRECIATION
1651,COMPUTER EQUIP DEPR-ADDITIONS,1651-COMPUTER EQUIP DEPR-ADDITIONS
1652,COMPUTER EQUIP DEPR-DISPOSALS,1652-COMPUTER EQUIP DEPR-DISPOSALS
1660,FURNITURE & FIXTURES  ACCUM.DEPRECIATION,1660-FURNITURE & FIXTURES  ACCUM.DEPRECIATION
1661,FURNITURE DEPR-ADDITIONS,1661-FURNITURE DEPR-ADDITIONS
1662,FURNITURE DEPR-DISPOSALS,1662-FURNITURE DEPR-DISPOSALS
1670,SERVICE VEHICLES DEPRECIATION,1670-SERVICE VEHICLES DEPRECIATION
1671,SERVICE VEHICLES DEPR-ADDITIONS,1671-SERVICE VEHICLES DEPR-ADDITIONS
1672,SERVICE VEHICLES DEPR-DISPOSALS,1672-SERVICE VEHICLES DEPR-DISPOSALS
1690,LEASEHOLD IMPROVEMENT DEPRECIATION,1690-LEASEHOLD IMPROVEMENT DEPRECIATION
1691,LEASEHOLD IMPROVE DEPR-ADDITIONS,1691-LEASEHOLD IMPROVE DEPR-ADDITIONS
1692,LEASEHOLD IMPROVE DEPR-DISPOSALS,1692-LEASEHOLD IMPROVE DEPR-DISPOSALS
1710,EMPLOYEE SOCIAL FUND,1710-EMPLOYEE SOCIAL FUND
1720,INCOME TAX-DEFERRED-ASSET,1720-INCOME TAX-DEFERRED-ASSET
1730,GOODWILL,1730-GOODWILL
1731,GOODWILL SASKATCHEWAN ACQ,1731-GOODWILL SASKATCHEWAN ACQ
1735,DEVELOPMENT COSTS - ADM,1735-DEVELOPMENT COSTS - ADM
1736,ACQUISITION COSTS SASK,1736-ACQUISITION COSTS SASK
1740,ACCUM. AMORT.OF DEVELOPMENT COST,1740-ACCUM. AMORT.OF DEVELOPMENT COST
1741,ACQUISITION COSTS SASK-ACC AMORT,1741-ACQUISITION COSTS SASK-ACC AMORT
1750,INVESTMENTS IN SUBSIDIARIES,1750-INVESTMENTS IN SUBSIDIARIES
2010,ACCOUNTS PAYABLE,2010-ACCOUNTS PAYABLE
2011,CHEQUE REFUNDS PAYABLE,2011-CHEQUE REFUNDS PAYABLE
2015,US$ ACCOUNTS PAYABLE,2015-US$ ACCOUNTS PAYABLE
2020,CASH CUSTOMER DEPOSITS,2020-CASH CUSTOMER DEPOSITS
2025,CUSTOMER DEPOSITS,2025-CUSTOMER DEPOSITS
2090,CURRENT NOTES PAYABLE,2090-CURRENT NOTES PAYABLE
2110,GST PAID ON PURCHASES,2110-GST PAID ON PURCHASES
2115,GST CHARGED ON SALES,2115-GST CHARGED ON SALES
2116,REVENUE CANADA WITHHOLDING TAX,2116-REVENUE CANADA WITHHOLDING TAX
2117,REVENUE CANADA NON-RESIDENT TAX-SERVICE,2117-REVENUE CANADA NON-RESIDENT TAX-SERVICE
2120,BC PROVINCIAL TAX,2120-BC PROVINCIAL TAX
2125,SASK PROVINCIAL TAX,2125-SASK PROVINCIAL TAX
2126,MANITOBA PROVINCIAL TAX,2126-MANITOBA PROVINCIAL TAX
2127,ONTARIO PROVINCIAL TAX,2127-ONTARIO PROVINCIAL TAX
2128,QUEBEC PROVINCIAL TAX,2128-QUEBEC PROVINCIAL TAX
2130,CPP PAYABLE,2130-CPP PAYABLE
2132,EI PAYABLE,2132-EI PAYABLE
2133,EMPLOYEE TAX PAYABLE,2133-EMPLOYEE TAX PAYABLE
2150,FEDERAL INCOME TAX(CURRENT YR),2150-FEDERAL INCOME TAX(CURRENT YR)
2151,PROVINCIAL INCOME TAX-ALTA,2151-PROVINCIAL INCOME TAX-ALTA
2155,PROVINCIAL INCOME TAX-B.C,2155-PROVINCIAL INCOME TAX-B.C
2160,RECEIVER GENERAL,2160-RECEIVER GENERAL
2161,B.C HEALTH CARE,2161-B.C HEALTH CARE
2162,ALBERTA HEALTH CARE,2162-ALBERTA HEALTH CARE
2163,LTD INSURANCE,2163-LTD INSURANCE
2164,RRSP PAYROLL DEDUCTIONS PAYABLE,2164-RRSP PAYROLL DEDUCTIONS PAYABLE
2165,STOCK PURCHASE PLAN,2165-STOCK PURCHASE PLAN
2166,WORKERS COMPENSATION ACCRUAL,2166-WORKERS COMPENSATION ACCRUAL
2170,RE-RENT COST ACCRUAL,2170-RE-RENT COST ACCRUAL
2171,PAYROLL DEDUCTIONS PAYABLE,2171-PAYROLL DEDUCTIONS PAYABLE
2175,TAX LEVIES PAYABLE,2175-TAX LEVIES PAYABLE
2180,ACCRUED EXPENSE OTHER,2180-ACCRUED EXPENSE OTHER
2181,LEGAL PROVISION,2181-LEGAL PROVISION
2183,TAX PROVISIONS,2183-TAX PROVISIONS
2185,WAGE ACCRUAL,2185-WAGE ACCRUAL
2186,VACATION PAY ACCRUAL,2186-VACATION PAY ACCRUAL
2187,VACATION PAY ACCRUAL - UNION,2187-VACATION PAY ACCRUAL - UNION
2190,BONUS PAYABLE,2190-BONUS PAYABLE
2195,LONG TERM INCENTIVE PLAN PAYABLE,2195-LONG TERM INCENTIVE PLAN PAYABLE
2210,CLEARING/SUSPENSE,2210-CLEARING/SUSPENSE
2270,INTERCOMPANY-FINNING,2270-INTERCOMPANY-FINNING
2271,NON-TRADE FINNING SASK AP,2271-NON-TRADE FINNING SASK AP
2272,NON-TRADE 4REFUEL AP,2272-NON-TRADE 4REFUEL AP
2275,INTERCOMPANY-RAYDON,2275-INTERCOMPANY-RAYDON
2276,INTERCOMPANY-RENTAL SHOP,2276-INTERCOMPANY-RENTAL SHOP
2290,FINNING TRADE AP,2290-FINNING TRADE AP
2291,TRADE FINNING SASK AP,2291-TRADE FINNING SASK AP
2292,TRADE FINNING 4REFUEL AP,2292-TRADE FINNING 4REFUEL AP
2293,TRADE FINNING FUSED AP,2293-TRADE FINNING FUSED AP
2310,CAT-FINANCING,2310-CAT-FINANCING
2410,LONG TERM DEBT,2410-LONG TERM DEBT
2510,NOTES PAYABLE,2510-NOTES PAYABLE
2610,INCOME TAX-DEFERRED,2610-INCOME TAX-DEFERRED
2710,OTHER ACCRUED/DEFERRED,2710-OTHER ACCRUED/DEFERRED
2810,OTHER LIABILITIES,2810-OTHER LIABILITIES
3010,SHARE CAPITAL,3010-SHARE CAPITAL
3020,RETAINED EARNINGS,3020-RETAINED EARNINGS
3025,CURRENT EARNINGS,3025-CURRENT EARNINGS
3030,DIVIDENDS,3030-DIVIDENDS
4010,RENTALS - SITE SERVICES EQUIPMENT,4010-RENTALS - SITE SERVICES EQUIPMENT
4015,RENTALS - EARTH MOVING EQUIPMENT,4015-RENTALS - EARTH MOVING EQUIPMENT
4020,RENTALS - SITE SERVICES ACCESSORIES,4020-RENTALS - SITE SERVICES ACCESSORIES
4025,RENTALS - SHORING EQUIPMENT,4025-RENTALS - SHORING EQUIPMENT
4030,RENTAL/PURCHASE OPTION,4030-RENTAL/PURCHASE OPTION
4040,RENTALS - ELECTRICAL EQUIPMENT,4040-RENTALS - ELECTRICAL EQUIPMENT
4041,RENTALS - COMPRESSOR EQP SMALL,4041-RENTALS - COMPRESSOR EQP SMALL
4042,RENTALS - COMPRESSOR ACCESSORIES SMALL,4042-RENTALS - COMPRESSOR ACCESSORIES SMALL
4043,RENTALS - COMPRESSOR EQP LARGE,4043-RENTALS - COMPRESSOR EQP LARGE
4044,RENTALS - COMPRESSOR ACCESSORIES LARGE,4044-RENTALS - COMPRESSOR ACCESSORIES LARGE
4045,RENTALS - SHORING ACCESSORIES,4045-RENTALS - SHORING ACCESSORIES
4046,RENTALS - POWER EQUIPMENT LARGE,4046-RENTALS - POWER EQUIPMENT LARGE
4047,RENTALS - POWER ACCESSORIES LARGE,4047-RENTALS - POWER ACCESSORIES LARGE
4050,RE-RENTALS - EQUIPMENT,4050-RE-RENTALS - EQUIPMENT
4055,RE-RENTALS - ACCESSORIES,4055-RE-RENTALS - ACCESSORIES
4056,RENTALS - POWER EQUIPMENT SMALL,4056-RENTALS - POWER EQUIPMENT SMALL
4057,RENTALS - FORKLIFT EQUIPMENT,4057-RENTALS - FORKLIFT EQUIPMENT
4058,RENTALS - HCIAQ EQUIPMENT LARGE,4058-RENTALS - HCIAQ EQUIPMENT LARGE
4059,RENTALS - HCIAQ ACCESSORIES LARGE,4059-RENTALS - HCIAQ ACCESSORIES LARGE
4061,RENTALS - HCIAQ EQUIPMENT SMALL,4061-RENTALS - HCIAQ EQUIPMENT SMALL
4062,RENTALS - HCIAQ ACCESSORIES SMALL,4062-RENTALS - HCIAQ ACCESSORIES SMALL
4063,RENTALS - POWER ACCESSORIES SMALL,4063-RENTALS - POWER ACCESSORIES SMALL
4064,RENTALS - EARTH MOVING ACCESSORIES,4064-RENTALS - EARTH MOVING ACCESSORIES
4065,RENTALS - INDUSTRIAL EQUIPMENT,4065-RENTALS - INDUSTRIAL EQUIPMENT
4066,RENTALS - INDUSTRIAL ACCESSORIES,4066-RENTALS - INDUSTRIAL ACCESSORIES
4067,RENTALS - FORKLIFT ACCESSORIES,4067-RENTALS - FORKLIFT ACCESSORIES
4068,RENTALS - PUMP EQUIPMENT,4068-RENTALS - PUMP EQUIPMENT
4069,RENTALS - PUMP ACCESSORIES,4069-RENTALS - PUMP ACCESSORIES
4070,DAMAGE WAIVER FEE,4070-DAMAGE WAIVER FEE
4071,DAMAGE WAIVER DEDUCTIBLE BILLED TO CUSTOMER,4071-DAMAGE WAIVER DEDUCTIBLE BILLED TO CUSTOMER
4072,RENTAL EQUIPMENT DAMAGE RECOVERY-BILL TO CUSTOMER,4072-RENTAL EQUIPMENT DAMAGE RECOVERY-BILL TO CUSTOMER
4073,INSURANCE BILLED TO CUSTOMER,4073-INSURANCE BILLED TO CUSTOMER
4075,WEAR CHARGE,4075-WEAR CHARGE
4080,CTRS FREIGHT BILLED TO CUSTOMER,4080-CTRS FREIGHT BILLED TO CUSTOMER
4082,CTRS 5TON CARTAGE BILL/CUSTOMER,4082-CTRS 5TON CARTAGE BILL/CUSTOMER
4083,CTRS TRACTOR CARTAGE BILL CUST,4083-CTRS TRACTOR CARTAGE BILL CUST
4085,THIRD PARTY FREIGHT BILL TO CUST,4085-THIRD PARTY FREIGHT BILL TO CUST
4086,PICKUP & DELIVERY FUEL SURCHARGE REVENUE,4086-PICKUP & DELIVERY FUEL SURCHARGE REVENUE
4090,FUEL BILLED TO CUSTOMER,4090-FUEL BILLED TO CUSTOMER
4091,ENVIRO FEE CHARGE,4091-ENVIRO FEE CHARGE
4095,MISCELLANEOUS REVENUE,4095-MISCELLANEOUS REVENUE
4110,SALES - PARTS BILLED TO CUSTOMER,4110-SALES - PARTS BILLED TO CUSTOMER
4120,SALES - CAT PARTS BILLED TO CUSTOMER,4120-SALES - CAT PARTS BILLED TO CUSTOMER
4140,SALES - BULK MERCHANDISE BILL TO CUSTOMER,4140-SALES - BULK MERCHANDISE BILL TO CUSTOMER
4150,SALES - RETAIL MERCHANDISE BILLED to CUSTOMER,4150-SALES - RETAIL MERCHANDISE BILLED to CUSTOMER
4210,CTRS-LABOUR BILLED TO CUSTOMER,4210-CTRS-LABOUR BILLED TO CUSTOMER
4220,MISC SHOP EXPENSE BILLED TO CUSTOMER,4220-MISC SHOP EXPENSE BILLED TO CUSTOMER
4230,THIRD PARTY LABOUR - BILL TO CUSTOMER,4230-THIRD PARTY LABOUR - BILL TO CUSTOMER
4240,SHUTDOWN LABOUR - BILL TO CUSTOMER,4240-SHUTDOWN LABOUR - BILL TO CUSTOMER
4310,SALES - NEW SITE SERVICES EQUIPMENT,4310-SALES - NEW SITE SERVICES EQUIPMENT
4320,SALES - USED EQUIPMENT,4320-SALES - USED EQUIPMENT
4330,SALES - NEW EARTH MOVING,4330-SALES - NEW EARTH MOVING
4340,SALES - NEW ELECTRICAL EQUIPMENT,4340-SALES - NEW ELECTRICAL EQUIPMENT
4341,SALES - NEW COMPRESSOR EQUIPMENT SMALL,4341-SALES - NEW COMPRESSOR EQUIPMENT SMALL
4343,SALES - NEW COMPRESSOR EQUIPMENT LARGE,4343-SALES - NEW COMPRESSOR EQUIPMENT LARGE
4346,SALES - NEW POWER EQUIPMENT LARGE,4346-SALES - NEW POWER EQUIPMENT LARGE
4355,SALES - NEW SHORING EQUIPMENT,4355-SALES - NEW SHORING EQUIPMENT
4356,SALES - NEW POWER EQUIPMENT SMALL,4356-SALES - NEW POWER EQUIPMENT SMALL
4357,SALES - NEW FORKLIFT EQUIPMENT,4357-SALES - NEW FORKLIFT EQUIPMENT
4358,SALES - NEW HCIAQ EQUIPMENT LARGE,4358-SALES - NEW HCIAQ EQUIPMENT LARGE
4361,SALES - NEW HCIAQ EQUIPMENT SMALL,4361-SALES - NEW HCIAQ EQUIPMENT SMALL
4365,SALES - NEW INDUSTRIAL EQUIPMENT,4365-SALES - NEW INDUSTRIAL EQUIPMENT
4368,SALES - NEW PUMP EQUIPMENT,4368-SALES - NEW PUMP EQUIPMENT
4410,SALES - USED SITE SERVICES(TRADE-INS),4410-SALES - USED SITE SERVICES(TRADE-INS)
4420,SALES - RENTAL ACCESSORIES,4420-SALES - RENTAL ACCESSORIES
4430,SALES - EARTH MOVING RENTAL FLEET,4430-SALES - EARTH MOVING RENTAL FLEET
4440,SALES - USED ELECTRICAL EQUIPMENT,4440-SALES - USED ELECTRICAL EQUIPMENT
4441,SALES - COMPRESSOR RENTAL FLEET SMALL,4441-SALES - COMPRESSOR RENTAL FLEET SMALL
4443,SALES - COMPRESSOR RENTAL FLEET LARGE,4443-SALES - COMPRESSOR RENTAL FLEET LARGE
4445,RENTAL ACCESSORIES-ELECTRICAL,4445-RENTAL ACCESSORIES-ELECTRICAL
4446,SALES - POWER RENTAL FLEET LARGE,4446-SALES - POWER RENTAL FLEET LARGE
4455,SALES - SHORING RENTAL FLEET,4455-SALES - SHORING RENTAL FLEET
4456,SALES - POWER RENTAL FLEET SMALL,4456-SALES - POWER RENTAL FLEET SMALL
4457,SALES - FORKLIFT RENTAL FLEET,4457-SALES - FORKLIFT RENTAL FLEET
4458,SALES - HCIAQ RENTAL FLEET LARGE,4458-SALES - HCIAQ RENTAL FLEET LARGE
4461,SALES - HCIAQ RENTAL FLEET SMALL,4461-SALES - HCIAQ RENTAL FLEET SMALL
4465,SALES - INDUSTRIAL RENTAL FLEET,4465-SALES - INDUSTRIAL RENTAL FLEET
4468,SALES - PUMP RENTAL FLEET,4468-SALES - PUMP RENTAL FLEET
4510,GAIN/LOSS-OTH EQP SOLD FROM RF,4510-GAIN/LOSS-OTH EQP SOLD FROM RF
4520,CONSIGNMENT FEES,4520-CONSIGNMENT FEES
4530,GAIN/LOSS-CAT EQP SOLD FROM RF,4530-GAIN/LOSS-CAT EQP SOLD FROM RF
4600,EARLY PAY DISCOUNT,4600-EARLY PAY DISCOUNT
4700,INTERCOMPANY SALES - NEW EQUIPMENT,4700-INTERCOMPANY SALES - NEW EQUIPMENT
4710,INTERCOMPANY RENTALS - EQUIPMENT,4710-INTERCOMPANY RENTALS - EQUIPMENT
4720,INTERCOMPANY SALES - USED EQUIPMENT,4720-INTERCOMPANY SALES - USED EQUIPMENT
5001,DISCOUNTS,5001-DISCOUNTS
5010,DEPRECIATION ON RENTAL FLEET,5010-DEPRECIATION ON RENTAL FLEET
5020,DEPRECIATION ON BULK INVENTORY,5020-DEPRECIATION ON BULK INVENTORY
5025,DEPRECIATION ALLOCATION,5025-DEPRECIATION ALLOCATION
5030,FUEL FOR RENTAL FLEET,5030-FUEL FOR RENTAL FLEET
5040,RENTAL FLEET REPAIRS,5040-RENTAL FLEET REPAIRS
5045,THIRD PARTY REPAIRS TO EQUIPMENT,5045-THIRD PARTY REPAIRS TO EQUIPMENT
5050,RE-RENT COST,5050-RE-RENT COST
5055,RENTAL FLEET LEASES,5055-RENTAL FLEET LEASES
5060,RE-RENT REPAIR COST,5060-RE-RENT REPAIR COST
5070,DAMAGE WAIVER REPAIRS,5070-DAMAGE WAIVER REPAIRS
5073,COST OF INSURANCE BILLED TO CUSTOMER,5073-COST OF INSURANCE BILLED TO CUSTOMER
5075,NON-POOLED RENTAL FLEET REPAIRS,5075-NON-POOLED RENTAL FLEET REPAIRS
5080,TPC FREIGHT BILLED TO CUSTOMER,5080-TPC FREIGHT BILLED TO CUSTOMER
5090,RENTAL FLEET FUEL BILLED TO CUSTOMER,5090-RENTAL FLEET FUEL BILLED TO CUSTOMER
5099,ERROR SUSPENSE,5099-ERROR SUSPENSE
5110,COST OF PARTS BILLED TO CUSTOMER,5110-COST OF PARTS BILLED TO CUSTOMER
5115,PARTS CAPITALIZED TO EQUIPMENT,5115-PARTS CAPITALIZED TO EQUIPMENT
5120,COST OF CAT PARTS - BILLED TO CUSTOMER,5120-COST OF CAT PARTS - BILLED TO CUSTOMER
5140,BULK MERCH BILL TO CUST,5140-BULK MERCH BILL TO CUST
5150,COST OF RETAIL MERCHANDISE,5150-COST OF RETAIL MERCHANDISE
5190,INVENTORY ADJUSTMENT,5190-INVENTORY ADJUSTMENT
5210,COST OF SERVICE LABOR BILLED,5210-COST OF SERVICE LABOR BILLED
5215,CTRS LABOUR CHARGED TO EQUIP,5215-CTRS LABOUR CHARGED TO EQUIP
5230,THIRD PARTY LABOUR BILLED TO CUSTOMER,5230-THIRD PARTY LABOUR BILLED TO CUSTOMER
5235,THIRD PARTY LABOUR  - CAPITALIZED,5235-THIRD PARTY LABOUR  - CAPITALIZED
5240,SERVICE COST OF SALES OTHER,5240-SERVICE COST OF SALES OTHER
5310,COST OF SALES - NEW SITE SERVICES EQUIPMENT,5310-COST OF SALES - NEW SITE SERVICES EQUIPMENT
5320,COST OF SALES - USED EQUIPMENT,5320-COST OF SALES - USED EQUIPMENT
5330,COST OF SALES - NEW EARTH MOVING,5330-COST OF SALES - NEW EARTH MOVING
5340,COST OF SALES - NEW ELECTRICAL FLEET,5340-COST OF SALES - NEW ELECTRICAL FLEET
5341,COST OF SALES - NEW COMPRESSOR EQUIPMENT SMALL,5341-COST OF SALES - NEW COMPRESSOR EQUIPMENT SMALL
5343,COST OF SALES - NEW COMPRESSOR EQUIPMENT LARGE,5343-COST OF SALES - NEW COMPRESSOR EQUIPMENT LARGE
5346,COST OF SALES - NEW POWER EQUIPMENT LARGE,5346-COST OF SALES - NEW POWER EQUIPMENT LARGE
5355,COST OF SALES - NEW SHORING EQUIPMENT,5355-COST OF SALES - NEW SHORING EQUIPMENT
5356,COST OF SALES - NEW POWER EQUIPMENT SMALL,5356-COST OF SALES - NEW POWER EQUIPMENT SMALL
5357,COST OF SALES - NEW FORKLIFT EQUIPMENT,5357-COST OF SALES - NEW FORKLIFT EQUIPMENT
5358,COST OF SALES - NEW HCIAQ EQUIPMENT LARGE,5358-COST OF SALES - NEW HCIAQ EQUIPMENT LARGE
5361,COST OF SALES - NEW HCIAQ EQUIPMENT SMALL,5361-COST OF SALES - NEW HCIAQ EQUIPMENT SMALL
5365,COST OF SALES - NEW INDUSTRIAL EQUIPMENT,5365-COST OF SALES - NEW INDUSTRIAL EQUIPMENT
5368,COST OF SALES - NEW PUMP EQUIPMENT,5368-COST OF SALES - NEW PUMP EQUIPMENT
5410,COST OF SALES - SITE SERVICES FLEET,5410-COST OF SALES - SITE SERVICES FLEET
5430,COST OF SALES -  EARTH MOVING RENTAL FLEET,5430-COST OF SALES -  EARTH MOVING RENTAL FLEET
5440,COST OF SALES - ELECTRICAL RENTAL FLEET,5440-COST OF SALES - ELECTRICAL RENTAL FLEET
5441,COST OF SALES - COMPRESSOR RENTAL FLEET SMALL,5441-COST OF SALES - COMPRESSOR RENTAL FLEET SMALL
5443,COST OF SALES - COMPRESSOR RENTAL FLEET LARGE,5443-COST OF SALES - COMPRESSOR RENTAL FLEET LARGE
5446,COST OF SALES - POWER RENTAL FLEET LARGE,5446-COST OF SALES - POWER RENTAL FLEET LARGE
5450,COST OF SALES - PARTS USED FINNING ROLLOUT,5450-COST OF SALES - PARTS USED FINNING ROLLOUT
5455,COST OF SALES - SHORING RENTAL FLEET,5455-COST OF SALES - SHORING RENTAL FLEET
5456,COST OF SALES - POWER RENTAL FLEET SMALL,5456-COST OF SALES - POWER RENTAL FLEET SMALL
5457,COST OF SALES - FORKLIFT RENTAL FLEET,5457-COST OF SALES - FORKLIFT RENTAL FLEET
5458,COST OF SALES - HCIAQ RENTAL FLEET LARGE,5458-COST OF SALES - HCIAQ RENTAL FLEET LARGE
5460,COST OF SALES - FREIGHT USED FINNING ROLLOUT,5460-COST OF SALES - FREIGHT USED FINNING ROLLOUT
5461,COST OF SALES - HCIAQ RENTAL FLEET SMALL,5461-COST OF SALES - HCIAQ RENTAL FLEET SMALL
5465,COST OF SALES - INDUSTRIAL RENTAL FLEET,5465-COST OF SALES - INDUSTRIAL RENTAL FLEET
5468,COST OF SALES - PUMP RENTAL FLEET,5468-COST OF SALES - PUMP RENTAL FLEET
5470,COST OF SALES - THIRD PARTY/LABOR FINNING ROLLOUT,5470-COST OF SALES - THIRD PARTY/LABOR FINNING ROLLOUT
5480,COST OF SALES - INTERNAL LABOR FINNING ROLLOUT,5480-COST OF SALES - INTERNAL LABOR FINNING ROLLOUT
5490,COST OF SALES - SHOP SUPPLIES FINNING ROLLOUT,5490-COST OF SALES - SHOP SUPPLIES FINNING ROLLOUT
5700,INTERCOMPANY COST OF SALES - NEW EQUIPMENT,5700-INTERCOMPANY COST OF SALES - NEW EQUIPMENT
5710,INTERCOMPANY COST OF SALES - RENTAL FLEET,5710-INTERCOMPANY COST OF SALES - RENTAL FLEET
5720,INTERCOMPANY COST OF SALES - USED EQP,5720-INTERCOMPANY COST OF SALES - USED EQP
6010,EMPLOYEE SHARE PURCHASE CONTRIBUTION,6010-EMPLOYEE SHARE PURCHASE CONTRIBUTION
6015,WAGES & SALARIES,6015-WAGES & SALARIES
6016,WAGES & SALARIES MECHANICS,6016-WAGES & SALARIES MECHANICS
6018,SEVERANCE PAYOUTS,6018-SEVERANCE PAYOUTS
6020,OVERTIME,6020-OVERTIME
6021,OVERTIME MECHANICS,6021-OVERTIME MECHANICS
6025,PAYROLL CLEARING,6025-PAYROLL CLEARING
6030,CALL OUTS,6030-CALL OUTS
6040,SALES COMMISSIONS,6040-SALES COMMISSIONS
6045,BRANCH PERFORMANCE BONUS,6045-BRANCH PERFORMANCE BONUS
6050,LONG-TERM INCENTIVE PLAN BONUSES,6050-LONG-TERM INCENTIVE PLAN BONUSES
6053,BENEFITS,6053-BENEFITS
6054,HEALTH & WELLNESS BENEFITS,6054-HEALTH & WELLNESS BENEFITS
6055,CPP-EMPLOYER PORTION,6055-CPP-EMPLOYER PORTION
6056,EMPLOYER PENSION PLAN CONTRIBUTION,6056-EMPLOYER PENSION PLAN CONTRIBUTION
6057,EMPLOYEE TOOL ALLOWANCE,6057-EMPLOYEE TOOL ALLOWANCE
6060,EI-EMPLOYER PORTION,6060-EI-EMPLOYER PORTION
6061,UNION DUES & ADMINISTRATION,6061-UNION DUES & ADMINISTRATION
6062,ALBERTA HEALTH CARE EMPLOYER PORTION,6062-ALBERTA HEALTH CARE EMPLOYER PORTION
6065,WCB,6065-WCB
6070,EMPLOYEE BENEFITS HOURLY - COVID-19,6070-EMPLOYEE BENEFITS HOURLY - COVID-19
6072,EMPLOYEE RECRUITING FEES,6072-EMPLOYEE RECRUITING FEES
6075,CONTRACT LABOUR,6075-CONTRACT LABOUR
6080,EMPLOYEE RELOCATION,6080-EMPLOYEE RELOCATION
6081,EMPLOYEE BENEFITS SALARY - COVID-19,6081-EMPLOYEE BENEFITS SALARY - COVID-19
6082,EMPLOYEE RELATED SERVICES,6082-EMPLOYEE RELATED SERVICES
6083,EMPLOYEE AWARDS AND GIFTS,6083-EMPLOYEE AWARDS AND GIFTS
6095,BENEFITS ALLOCATION,6095-BENEFITS ALLOCATION
6101,TRAINING,6101-TRAINING
6210,VEHICLE LEASE,6210-VEHICLE LEASE
6215,DELIVERY TRUCK LEASE,6215-DELIVERY TRUCK LEASE
6220,VEHICLE FUEL - SERVICE/SALES/ADMIN,6220-VEHICLE FUEL - SERVICE/SALES/ADMIN
6222,RESTRICTED ITC VEHICLE UNDER 3000KG,6222-RESTRICTED ITC VEHICLE UNDER 3000KG
6225,DELIVERY TRUCK FUEL,6225-DELIVERY TRUCK FUEL
6230,SERVICE VEHICLE REPAIR & MAINTENANCE,6230-SERVICE VEHICLE REPAIR & MAINTENANCE
6235,DELIVERY TRUCK REPAIR & MAINTENANCE,6235-DELIVERY TRUCK REPAIR & MAINTENANCE
6240,VEHICLE ALLOWANCE,6240-VEHICLE ALLOWANCE
6250,VEHICLE INSURANCE,6250-VEHICLE INSURANCE
6260,VEHICLE REGISTRATION,6260-VEHICLE REGISTRATION
6290,VEHICLE OTHER,6290-VEHICLE OTHER
6300,FREIGHT - INTER BRANCH,6300-FREIGHT - INTER BRANCH
6310,THIRD PARTY FREIGHT  - CAPITALIZED,6310-THIRD PARTY FREIGHT  - CAPITALIZED
6320,THIRD PARTY FREIGHT - NOT BILLABLE,6320-THIRD PARTY FREIGHT - NOT BILLABLE
6325,CUSTOMS & BROKERAGE,6325-CUSTOMS & BROKERAGE
6500,GOODWILL EXPENSE,6500-GOODWILL EXPENSE
6610,SHOP SUPPLIES,6610-SHOP SUPPLIES
6620,SHOP SMALL TOOLS & REPAIRS,6620-SHOP SMALL TOOLS & REPAIRS
6630,SHOP EQUIP RENTAL/LEASES,6630-SHOP EQUIP RENTAL/LEASES
6640,ENVIRONMENTAL CHARGES,6640-ENVIRONMENTAL CHARGES
6650,UNIFORMS/CLOTHING,6650-UNIFORMS/CLOTHING
6660,SAFETY SUPPLIES & EQUIPMENT,6660-SAFETY SUPPLIES & EQUIPMENT
6670,DECALS & MARKINGS,6670-DECALS & MARKINGS
6710,WARRANTY COST & RECOVERY,6710-WARRANTY COST & RECOVERY
7000,AIR MILES FEES & MARKETING,7000-AIR MILES FEES & MARKETING
7010,MISC INCOME/EXPENSE,7010-MISC INCOME/EXPENSE
7015,INTEREST & BANK CHARGES,7015-INTEREST & BANK CHARGES
7016,INTEREST EXPENSE-FLEET,7016-INTEREST EXPENSE-FLEET
7017,INTEREST EXPENSE-CORPORATE,7017-INTEREST EXPENSE-CORPORATE
7018,VISA/MASTERCARD USER FEES,7018-VISA/MASTERCARD USER FEES
7020,A/R EARLY PAYMENT DISCOUNT,7020-A/R EARLY PAYMENT DISCOUNT
7025,SERVICE CHARGES BILLED TO CUST,7025-SERVICE CHARGES BILLED TO CUST
7030,LICENCES/TAXES/FEES,7030-LICENCES/TAXES/FEES
7035,AMORTIZATION OF DEVELOPMENT COSTS,7035-AMORTIZATION OF DEVELOPMENT COSTS
7050,GAIN/LOSS ON FOREIGN EXCHANGE,7050-GAIN/LOSS ON FOREIGN EXCHANGE
7051,UNREALIZED FOREIGN EXCHANGE GAIN/LOSS,7051-UNREALIZED FOREIGN EXCHANGE GAIN/LOSS
7210,OFFICE SUPPLIES,7210-OFFICE SUPPLIES
7212,POSTAGE & COURIER,7212-POSTAGE & COURIER
7215,SUBSCRIPTIONS/PUBLICATIONS,7215-SUBSCRIPTIONS/PUBLICATIONS
7220,TELEPHONES-OFFICE,7220-TELEPHONES-OFFICE
7222,RESTRICTED ITC TELECOMMUNICATIONS,7222-RESTRICTED ITC TELECOMMUNICATIONS
7225,CELL PHONES,7225-CELL PHONES
7230,ASSOCIATION DUES,7230-ASSOCIATION DUES
7235,DONATIONS,7235-DONATIONS
7240,COMPUTER LEASES & MTCE,7240-COMPUTER LEASES & MTCE
7241,COMPUTER SUPPLIES,7241-COMPUTER SUPPLIES
7245,MODEM/NETWORK CHARGES,7245-MODEM/NETWORK CHARGES
7250,SOFTWARE SUPPORT SERVICES,7250-SOFTWARE SUPPORT SERVICES
7255,OFFICE EQUIP LEASE & MTCE,7255-OFFICE EQUIP LEASE & MTCE
7260,PROFESSIONAL SERVICES,7260-PROFESSIONAL SERVICES
7280,BAD DEBT EXPENSE,7280-BAD DEBT EXPENSE
7290,SUNDRY OFFICE EXPENSE,7290-SUNDRY OFFICE EXPENSE
7310,CATALOGS/PERIODICALS,7310-CATALOGS/PERIODICALS
7320,MARKETING COMMUNICATIONS,7320-MARKETING COMMUNICATIONS
7330,ADVERTISING,7330-ADVERTISING
7340,DIGITAL MARKETING,7340-DIGITAL MARKETING
7350,BRAND SIGNAGE & DECALS,7350-BRAND SIGNAGE & DECALS
7360,PROMOTIONAL MERCHANDISE,7360-PROMOTIONAL MERCHANDISE
7370,EVENT MARKETING,7370-EVENT MARKETING
7375,SPONSORSHIPS,7375-SPONSORSHIPS
7380,MEALS FOR CUSTOMER PROMOTION,7380-MEALS FOR CUSTOMER PROMOTION
7410,TRAVEL & ACCOMODATION,7410-TRAVEL & ACCOMODATION
7420,MEALS,7420-MEALS
7425,TRAVEL ENTERTAINMENT,7425-TRAVEL ENTERTAINMENT
7430,CUSTOMER PROMOTION & ENTERTAIN,7430-CUSTOMER PROMOTION & ENTERTAIN
7435,MANAGERS MEETING EXPENSES,7435-MANAGERS MEETING EXPENSES
7440,REGIONAL MEETING EXPENSES,7440-REGIONAL MEETING EXPENSES
7442,SALES MEETING EXPENSES,7442-SALES MEETING EXPENSES
7444,RESTRICTED ITC MEALS & ENTERTAINMENT,7444-RESTRICTED ITC MEALS & ENTERTAINMENT
7445,OTHER TRAVEL EXPENSE,7445-OTHER TRAVEL EXPENSE
7510,BUILDING LEASE,7510-BUILDING LEASE
7520,BUILDING & YARD MTCE,7520-BUILDING & YARD MTCE
7530,JANITORIAL,7530-JANITORIAL
7535,CONTAMINATION CONTROL COMPLIANCE,7535-CONTAMINATION CONTROL COMPLIANCE
7540,UTILITIES-POWER,7540-UTILITIES-POWER
7541,UTILITIES-WATER,7541-UTILITIES-WATER
7542,UTILITIES-NATURAL GAS,7542-UTILITIES-NATURAL GAS
7550,PROPERTY TAXES,7550-PROPERTY TAXES
7555,OTHER PROPERTY COSTS,7555-OTHER PROPERTY COSTS
7560,GENERAL LIABILITY INSURANCE,7560-GENERAL LIABILITY INSURANCE
7570,DEPRECIATION ON FIXED ASSETS,7570-DEPRECIATION ON FIXED ASSETS
7580,DEPRECIATION - ROU FURNITURE,7580-DEPRECIATION - ROU FURNITURE
7581,DEPRECIATION - ROU COMPUTORS,7581-DEPRECIATION - ROU COMPUTORS
7582,DEPRECIATION - ROU VEHICLES,7582-DEPRECIATION - ROU VEHICLES
7583,DEPRECIATION - ROU EQUIPMENT,7583-DEPRECIATION - ROU EQUIPMENT
7584,DEPRECIATION - ROU BUILDINGS,7584-DEPRECIATION - ROU BUILDINGS
8010,GAIN/LOSS ON SALE OF FIXED ASSETS,8010-GAIN/LOSS ON SALE OF FIXED ASSETS
8101,LOSS SALE FIXED ASSETS(NON-RENT FLEET,8101-LOSS SALE FIXED ASSETS(NON-RENT FLEET
8150,UNUSUAL GAINS/LOSSES-RESTRUCTURING,8150-UNUSUAL GAINS/LOSSES-RESTRUCTURING
8151,UNUSUAL ITEMS - PROPERTY DISPOSAL,8151-UNUSUAL ITEMS - PROPERTY DISPOSAL
8159,UNUSUAL GAINS/LOSSES-OTHER,8159-UNUSUAL GAINS/LOSSES-OTHER
8210,CORPORATE INCOME TAX - FEDERAL,8210-CORPORATE INCOME TAX - FEDERAL
8215,PROVINCIAL CORPORATE TAXES-ALTA,8215-PROVINCIAL CORPORATE TAXES-ALTA
8220,PROVINCIAL CORPORATE TAXES-BC,8220-PROVINCIAL CORPORATE TAXES-BC
9010,OVERDRAFT INTEREST EXPENSE,9010-OVERDRAFT INTEREST EXPENSE
9011,RSIP INTEREST EXPENSE,9011-RSIP INTEREST EXPENSE
9012,AMORTIZATION OF ROU INTEREST,9012-AMORTIZATION OF ROU INTEREST
9015,CORPORATE ALLOCATIONS,9015-CORPORATE ALLOCATIONS
9320,UNUSUAL ITEMS,9320-UNUSUAL ITEMS